optimistic,success,50,23419583,73999494,85881167,85881167,1.72,86,49.4,0.0
optimistic,success,100,12869780,48365379,65281877,147124693,1.36,136,114.4,0.0
optimistic,success,200,3705929,18221283,29663841,31941469,0.56,112,183.0,0.0
optimistic,fail,50,3801668,24771337,28350349,28350349,0.54,27,104.0,80.0
optimistic,fail,100,4523244,23349295,33066887,68223965,0.65,65,105.3,63.0
optimistic,fail,200,1809675,6503219,20827313,51982596,0.54,107,279.3,84.0
optimistic,timeout,50,1261856,5577963,12704816,12704816,0.32,16,43.1,90.0
optimistic,timeout,100,730581,4161712,7404541,7512241,0.23,23,84.0,92.0
optimistic,timeout,200,454700,1362100,3847336,6610869,0.17,34,149.7,90.0
optimistic,success+idempotency,50,504779,886905,5048245,5048245,0.28,7,91.9,0.0
optimistic,success+idempotency,100,471410,2268251,2728358,2728358,0.24,12,256.4,0.0
optimistic,success+idempotency,200,297303,506104,1481273,2613337,0.07,7,400.0,0.0
pessimistic,success,50,21811601,54950740,68146179,68146179,0.00,0,202.4,0.0
pessimistic,success,100,5206383,20803398,30267427,31971274,0.00,0,327.9,0.0
pessimistic,success,200,9025641,37114844,62794508,74417515,0.00,0,522.2,0.0
pessimistic,fail,50,2784552,12149639,14724370,14724370,0.00,0,290.7,82.0
pessimistic,fail,100,2154731,9697906,14149058,18885811,0.00,0,490.2,79.0
pessimistic,fail,200,4855265,18914955,56704571,62683431,0.00,0,451.5,64.5
pessimistic,timeout,50,7782002,39074371,43937143,43937143,0.00,0,46.4,92.0
pessimistic,timeout,100,3740888,13653971,20460540,21224245,0.00,0,91.4,83.0
pessimistic,timeout,200,9917087,32375812,79793441,111424113,0.00,0,156.6,85.5
pessimistic,success+idempotency,50,2632841,8847440,10835748,10835748,0.00,0,74.9,0.0
pessimistic,success+idempotency,100,2244731,8961142,15864757,15864757,0.00,0,357.1,0.0
pessimistic,success+idempotency,200,1541260,5417915,14514549,16295911,0.00,0,483.1,0.0
stateBased,success,50,317396,1021575,2816008,2816008,0.00,0,384.6,0.0
stateBased,success,100,397967,1502682,1873858,2273711,0.00,0,617.3,0.0
stateBased,success,200,361797,1234692,3174971,3970434,0.00,0,649.4,0.0
stateBased,fail,50,544215,2528716,7575077,7575077,0.00,0,255.1,64.0
stateBased,fail,100,476808,2003088,3257031,3718294,0.00,0,526.3,70.0
stateBased,fail,200,556706,1756546,8496112,12409122,0.00,0,729.9,56.0
stateBased,timeout,50,421904,1456917,3127172,3127172,0.00,0,48.4,64.0
stateBased,timeout,100,412105,1326601,2217826,3026301,0.00,0,94.3,65.0
stateBased,timeout,200,425495,1250582,5193636,5825384,0.00,0,178.7,59.0
stateBased,success+idempotency,50,299889,583238,1445703,1445703,0.00,0,215.5,0.0
stateBased,success+idempotency,100,284670,788107,1229530,1229530,0.00,0,344.8,0.0
stateBased,success+idempotency,200,527996,2018304,7489007,8116056,0.00,0,467.3,0.0
optimistic,success,50,24667337,59703830,78013716,78013716,2.22,111,68.2,18.0
optimistic,success,100,9697536,31850195,55099414,60062917,1.62,162,99.5,18.0
optimistic,success,200,7933102,36605740,58826563,67121028,1.12,223,126.7,31.0
optimistic,fail,50,3411915,12606526,30339008,30339008,0.74,37,141.2,44.0
optimistic,fail,100,5938761,30637832,52799285,80057990,0.70,70,167.8,57.0
optimistic,fail,200,3631521,18804712,33439288,39360160,0.70,139,229.6,55.5
optimistic,timeout,50,2686647,11793370,17100514,17100514,0.54,27,216.5,50.0
optimistic,timeout,100,1646849,8033268,11800942,27882057,0.35,35,246.9,59.0
optimistic,timeout,200,1222194,4631586,11773251,13425282,0.50,99,346.0,59.0
optimistic,success+idempotency,50,467035,945944,1409258,1409258,0.04,1,255.1,48.0
optimistic,success+idempotency,100,989913,3603128,17005908,17005908,0.32,16,223.2,74.0
optimistic,success+idempotency,200,1944035,9350645,20019718,23718242,0.43,43,250.0,73.0
pessimistic,success,50,24239641,95889286,150264017,150264017,0.00,0,222.2,52.0
pessimistic,success,100,6775772,25841853,63652852,69192460,0.00,0,393.7,43.0
pessimistic,success,200,8424541,51769855,84528314,102361223,0.00,0,363.6,49.0
pessimistic,fail,50,8032281,44936755,50248246,50248246,0.00,0,423.7,60.0
pessimistic,fail,100,5731162,24119691,43303192,44103442,0.00,0,487.8,50.0
pessimistic,fail,200,5730685,30373181,65744732,70598028,0.00,0,471.7,53.0
pessimistic,timeout,50,2305877,12918948,18202729,18202729,0.00,0,420.2,62.0
pessimistic,timeout,100,6308331,33524596,73293699,74238340,0.00,0,540.5,52.0
pessimistic,timeout,200,7543144,41208283,72202662,93298278,0.00,0,505.1,59.0
pessimistic,success+idempotency,50,4168179,13783319,22238131,22238131,0.00,0,471.7,72.0
pessimistic,success+idempotency,100,4407073,15639971,37015318,37015318,0.00,0,617.3,48.0
pessimistic,success+idempotency,200,3375734,17836898,28560730,33078283,0.00,0,523.6,81.0
stateBased,success,50,332654,649892,1769018,1769018,0.00,0,769.2,68.0
stateBased,success,100,1912048,20438849,27503651,29116799,0.00,0,531.9,78.0
stateBased,success,200,524476,2188391,3350146,12212213,0.00,0,621.1,63.5
stateBased,fail,50,437440,915507,3734153,3734153,0.00,0,746.3,64.0
stateBased,fail,100,1315236,5865957,16846751,17525566,0.00,0,591.7,64.0
stateBased,fail,200,1577354,6544512,40059975,42293397,0.00,0,527.7,51.5
stateBased,timeout,50,697175,3802830,5997683,5997683,0.00,0,581.4,66.0
stateBased,timeout,100,526215,1467526,5083075,7605659,0.00,0,581.4,75.0
stateBased,timeout,200,580441,2746972,5098646,9156993,0.00,0,520.8,66.5
stateBased,success+idempotency,50,4454282,20996158,22087662,22087662,0.00,0,490.2,72.0
stateBased,success+idempotency,100,676556,2087592,9310810,9310810,0.00,0,657.9,62.0
stateBased,success+idempotency,200,594083,2200103,3324519,5036330,0.00,0,546.4,55.0
optimistic,success,50,20541495,72625649,84448056,84448056,1.96,98,38.9,22.0,0,0.0
optimistic,success,100,12129496,38914464,70811167,82664355,1.25,125,97.0,34.0,0,0.0
optimistic,success,200,4714127,23126153,36283189,50040758,0.95,190,177.3,44.0,0,0.0
optimistic,fail,50,2242477,8019355,26051120,26051120,0.80,40,155.3,52.0,0,0.0
optimistic,fail,100,1960021,7030056,17857718,23023842,0.49,49,199.6,54.0,0,0.0
optimistic,fail,200,794017,1853331,5861833,17098971,0.43,86,348.4,69.5,0,0.0
optimistic,timeout,50,863651,4912620,9938863,9938863,0.34,17,387.6,100.0,0,0.0
optimistic,timeout,100,1657737,10814627,18364569,18997976,0.61,61,500.0,70.0,0,0.0
optimistic,timeout,200,814540,1524708,12297636,21809280,0.28,56,520.8,81.5,0,0.0
optimistic,success+idempotency,50,306722,733360,829500,829500,0.24,6,312.5,80.0,25,50.0
optimistic,success+idempotency,100,744680,3163342,9861817,9861817,0.32,16,185.2,78.0,50,50.0
optimistic,success+idempotency,200,743447,1817016,9707579,11538531,0.32,32,273.2,72.0,100,50.0
pessimistic,success,50,14639505,57357137,92426547,92426547,0.00,0,454.5,56.0,0,0.0
pessimistic,success,100,7141376,31451067,69928300,72377644,0.00,0,617.3,50.0,0,0.0
pessimistic,success,200,6856465,29565325,52004457,80122393,0.00,0,458.7,53.5,0,0.0
pessimistic,fail,50,2760357,13205086,16814932,16814932,0.00,0,781.3,62.0,0,0.0
pessimistic,fail,100,4273026,25118014,41037905,41039618,0.00,0,925.9,56.0,0,0.0
pessimistic,fail,200,5965931,33803886,60772128,93276032,0.00,0,738.0,65.5,0,0.0
pessimistic,timeout,50,3825022,15223668,21722510,21722510,0.00,0,1087.0,60.0,0,0.0
pessimistic,timeout,100,4853946,29266830,31029441,31324412,0.00,0,854.7,54.0,0,0.0
pessimistic,timeout,200,4288622,22211526,37170065,44610739,0.00,0,643.1,59.0,0,0.0
pessimistic,success+idempotency,50,3210875,10770438,12960087,12960087,0.00,0,568.2,84.0,25,50.0
pessimistic,success+idempotency,100,5245450,29180875,33722462,33722462,0.00,0,909.1,58.0,50,50.0
pessimistic,success+idempotency,200,5964317,28530361,42440576,65065841,0.00,0,621.1,61.0,100,50.0
stateBased,success,50,495186,1491787,2771208,2771208,0.00,0,328.9,62.0,0,0.0
stateBased,success,100,446397,512307,3582253,15422827,0.00,0,1639.3,42.0,0,0.0
stateBased,success,200,412972,1135762,4240434,6898520,0.00,0,1036.3,50.5,0,0.0
stateBased,fail,50,350498,1116557,3641414,3641414,0.00,0,1666.7,46.0,0,0.0
stateBased,fail,100,327736,468615,3257086,5486522,0.00,0,1470.6,50.0,0,0.0
stateBased,fail,200,1056119,4620766,17843654,36993385,0.00,0,917.4,46.5,0,0.0
stateBased,timeout,50,759174,4070566,10967554,10967554,0.00,0,1388.9,60.0,0,0.0
stateBased,timeout,100,605603,2304736,7320209,7826514,0.00,0,1449.3,44.0,0,0.0
stateBased,timeout,200,485154,986643,6705219,14360103,0.00,0,1204.8,53.5,0,0.0
stateBased,success+idempotency,50,238466,286065,484255,484255,0.00,0,675.7,56.0,25,50.0
stateBased,success+idempotency,100,598291,3125342,4401825,4401825,0.00,0,1041.7,50.0,50,50.0
stateBased,success+idempotency,200,533144,1578690,8872750,13204264,0.00,0,1492.5,50.0,100,50.0
stateBased,dedup_unique,200,956091,4264137,18517401,26932193,0.00,0,1047.1,43.0,0,0.0
stateBased,dedup_mixed,200,437988,1946417,4179059,6303088,0.00,0,694.4,82.0,100,50.0
stateBased,dedup_high,200,265605,393976,1999166,1999166,0.00,0,1000.0,64.0,150,75.0
stateBased,dedup_burst,200,504823,504823,504823,504823,0.00,0,52.6,100.0,199,99.5
optimistic,success,50,40297407,121584984,144165934,144165934,2.38,119,33.2,0.0,0,0.0
optimistic,success,100,12934608,46817684,120483794,127979290,1.08,108,100.0,0.0,0,0.0
optimistic,success,200,11590644,52517385,105213951,191888589,0.89,177,139.5,0.0,0,0.0
optimistic,fail,50,2797116,17103933,18803206,18803206,0.68,34,147.1,70.0,0,0.0
optimistic,fail,100,1420820,6174257,16104102,19645730,0.39,39,229.4,72.0,0,0.0
optimistic,fail,200,1349488,7597648,13641189,19662560,0.51,101,302.1,81.0,0,0.0
optimistic,timeout,50,6878593,30213737,45051904,45051904,0.44,22,43.6,88.0,0,0.0
optimistic,timeout,100,1638850,3079986,21963291,58754288,0.22,22,79.8,79.0,0,0.0
optimistic,timeout,200,1238895,7401100,12026773,19605735,0.33,65,119.9,94.0,0,0.0
optimistic,success+idempotency,50,292783,553775,813330,813330,0.08,2,142.9,0.0,25,50.0
optimistic,success+idempotency,100,324926,640246,2694566,2694566,0.08,4,234.7,0.0,50,50.0
optimistic,success+idempotency,200,2171130,11947645,23727927,25126623,0.52,52,246.3,0.0,100,50.0
pessimistic,success,50,16486960,61567953,65995859,65995859,0.00,0,185.9,0.0,0,0.0
pessimistic,success,100,12596075,73021264,104671648,106698866,0.00,0,287.4,0.0,0,0.0
pessimistic,success,200,9851991,45820953,60653015,65346067,0.00,0,370.4,0.0,0,0.0
pessimistic,fail,50,9132667,28475096,31679835,31679835,0.00,0,285.7,76.0,0,0.0
pessimistic,fail,100,7034065,34648235,52691868,91480307,0.00,0,429.2,84.0,0,0.0
pessimistic,fail,200,9235700,46535596,83722931,98327093,0.00,0,444.4,64.5,0,0.0
pessimistic,timeout,50,10930725,47019910,65682982,65682982,0.00,0,45.7,88.0,0,0.0
pessimistic,timeout,100,6321030,26715590,33738080,46459874,0.00,0,90.3,88.0,0,0.0
pessimistic,timeout,200,6029103,29218166,52213375,54527299,0.00,0,161.7,85.5,0,0.0
pessimistic,success+idempotency,50,2950050,11526977,15082863,15082863,0.00,0,73.7,0.0,25,50.0
pessimistic,success+idempotency,100,4059564,33959526,36036978,36036978,0.00,0,279.3,0.0,50,50.0
pessimistic,success+idempotency,200,8720842,42915131,53532038,54818331,0.00,0,377.4,0.0,100,50.0
stateBased,success,50,340974,1040455,1860206,1860206,0.00,0,342.5,0.0,0,0.0
stateBased,success,100,1232993,6466914,14843175,27328676,0.00,0,369.0,0.0,0,0.0
stateBased,success,200,812620,3257657,11918571,35247102,0.00,0,514.1,0.0,0,0.0
stateBased,fail,50,589851,2333420,5407384,5407384,0.00,0,261.8,46.0,0,0.0
stateBased,fail,100,340975,717270,2405915,3633891,0.00,0,512.8,65.0,0,0.0
stateBased,fail,200,490470,1476279,6678219,7994408,0.00,0,743.5,54.0,0,0.0
stateBased,timeout,50,342182,509893,3818325,3818325,0.00,0,48.2,60.0,0,0.0
stateBased,timeout,100,361471,1534407,2340192,3082871,0.00,0,92.2,64.0,0,0.0
stateBased,timeout,200,632069,1221473,13979710,17561342,0.00,0,179.5,60.5,0,0.0
stateBased,success+idempotency,50,1199382,8536130,9421485,9421485,0.00,0,204.9,0.0,25,50.0
stateBased,success+idempotency,100,461676,2746162,3539604,3539604,0.00,0,357.1,0.0,50,50.0
stateBased,success+idempotency,200,714568,3428787,6619268,14735567,0.00,0,416.7,0.0,100,50.0
stateBased,dedup_unique,200,1368986,12171573,20797451,32043175,0.00,0,694.4,0.0,0,0.0
stateBased,dedup_mixed,200,540519,526464,6047390,13661539,0.00,0,290.7,0.0,100,50.0
stateBased,dedup_high,200,394564,1494513,3260343,3260343,0.00,0,349.7,0.0,150,75.0
stateBased,dedup_burst,200,481039,481039,481039,481039,0.00,0,8.8,0.0,199,99.5
optimistic,success,50,31966135,101272439,153788061,153788061,2.04,102,30.1,0.0,0,0.0,0,0.0
optimistic,success,100,11241208,46861977,69481890,70368873,0.94,94,110.6,0.0,0,0.0,0,0.0
optimistic,success,200,3364911,14790507,38164016,44073385,0.62,123,179.1,0.0,0,0.0,0,0.0
optimistic,fail,50,12003405,55064760,58549499,58549499,1.46,73,63.5,48.0,0,0.0,0,0.0
optimistic,fail,100,7096948,43580809,93191534,95953404,0.63,63,147.3,62.0,0,0.0,0,0.0
optimistic,fail,200,2578152,10914749,36343409,39650236,0.57,114,204.5,72.5,0,0.0,0,0.0
optimistic,timeout,50,893795,2121005,12016684,12016684,0.24,12,44.8,80.0,0,0.0,0,0.0
optimistic,timeout,100,740379,1400122,7982460,13283156,0.38,38,460.8,88.0,0,0.0,100,100.0
optimistic,timeout,200,1251388,5191040,17389736,27913075,0.45,90,471.7,81.0,0,0.0,200,100.0
optimistic,success+idempotency,50,3131989,13973272,16795196,16795196,0.64,16,174.8,92.0,25,50.0,25,100.0
optimistic,success+idempotency,100,371859,1922406,3125671,3125671,0.08,4,641.0,88.0,50,50.0,50,100.0
optimistic,success+idempotency,200,584140,1850432,4958679,7833863,0.52,52,526.3,80.0,100,50.0,100,100.0
pessimistic,success,50,20350690,59807834,86257340,86257340,0.00,0,370.4,66.0,0,0.0,50,100.0
pessimistic,success,100,5104524,21160597,23195415,39111193,0.00,0,680.3,72.0,0,0.0,100,100.0
pessimistic,success,200,15747190,77187453,125746890,188587112,0.00,0,304.9,58.5,0,0.0,200,100.0
pessimistic,fail,50,9706683,37836544,58572804,58572804,0.00,0,393.7,72.0,0,0.0,50,100.0
pessimistic,fail,100,6036084,37216108,63306103,83425168,0.00,0,588.2,70.0,0,0.0,100,100.0
pessimistic,fail,200,7569214,39454683,80518897,104333787,0.00,0,634.9,70.0,0,0.0,200,100.0
pessimistic,timeout,50,4342233,21714080,32940712,32940712,0.00,0,980.4,54.0,0,0.0,50,100.0
pessimistic,timeout,100,3267519,16896855,25852772,26249492,0.00,0,1000.0,53.0,0,0.0,100,100.0
pessimistic,timeout,200,4683829,24058795,47004884,64135419,0.00,0,934.6,58.5,0,0.0,200,100.0
pessimistic,success+idempotency,50,7434369,26147894,28280750,28280750,0.00,0,625.0,68.0,25,50.0,25,100.0
pessimistic,success+idempotency,100,7079152,30816348,41075588,41075588,0.00,0,581.4,62.0,50,50.0,50,100.0
pessimistic,success+idempotency,200,3801432,20975084,41134095,46333854,0.00,0,1010.1,52.0,100,50.0,100,100.0
stateBased,success,50,908616,5538631,13018853,13018853,0.00,0,1282.1,62.0,0,0.0,39,78.0
stateBased,success,100,502629,2561779,6433039,8544658,0.00,0,1351.4,52.0,0,0.0,64,64.0
stateBased,success,200,644954,3699721,5994551,11655468,0.00,0,1204.8,51.0,0,0.0,135,67.5
stateBased,fail,50,329239,542492,3560000,3560000,0.00,0,1562.5,50.0,0,0.0,36,72.0
stateBased,fail,100,381843,1155816,4356045,5428826,0.00,0,1562.5,51.0,0,0.0,69,69.0
stateBased,fail,200,526559,1962170,6907935,9075288,0.00,0,995.0,62.0,0,0.0,145,72.5
stateBased,timeout,50,999889,6503621,18691584,18691584,0.00,0,46.7,66.0,0,0.0,36,72.0
stateBased,timeout,100,437391,2174176,4315159,4417700,0.00,0,1388.9,41.0,0,0.0,64,64.0
stateBased,timeout,200,438510,756321,5234965,10493354,0.00,0,1428.6,47.0,0,0.0,129,64.5
stateBased,success+idempotency,50,257223,411157,515221,515221,0.00,0,1136.4,32.0,25,50.0,9,36.0
stateBased,success+idempotency,100,739883,1887300,10881647,10881647,0.00,0,847.5,84.0,50,50.0,44,88.0
stateBased,success+idempotency,200,369716,532423,3769782,7563045,0.00,0,1265.8,47.0,100,50.0,60,60.0
stateBased,dedup_unique,200,302536,324044,2530049,8214562,0.00,0,1449.3,56.0,0,0.0,141,70.5
stateBased,dedup_mixed,200,623099,2788602,5289246,7545474,0.00,0,1265.8,54.0,100,50.0,63,63.0
stateBased,dedup_high,200,1256492,7414189,12078768,12078768,0.00,0,505.1,58.0,150,75.0,33,66.0
stateBased,dedup_burst,200,586203,586203,586203,586203,0.00,0,6.3,100.0,199,99.5,1,100.0
stateBased,cb_normal,100,912215,529517,16084431,33866167,0.00,0,301.2,0.0,0,0.0,0,0.0
stateBased,cb_failure,100,407643,1853688,3382790,3644408,0.00,0,87.1,75.0,0,0.0,0,0.0
optimistic,success,50,16923974,52577892,63229517,63229517,1.92,96,41.3,0.0,0,0.0,0,0.0
optimistic,success,100,10649065,39249760,62982690,63482438,1.25,125,106.6,0.0,0,0.0,0,0.0
optimistic,success,200,9389908,39929067,69391030,90691111,1.01,202,125.2,0.0,0,0.0,0,0.0
optimistic,fail,50,3413138,13616277,15567046,15567046,0.92,46,101.4,54.0,0,0.0,0,0.0
optimistic,fail,100,3711198,25235338,30707096,38218507,0.61,61,165.6,60.0,0,0.0,0,0.0
optimistic,fail,200,2396473,9556394,41986203,49300348,0.55,110,274.3,70.5,0,0.0,0,0.0
optimistic,timeout,50,1496594,8766421,21764766,21764766,0.22,11,42.6,90.0,0,0.0,0,0.0
optimistic,timeout,100,1096704,5023330,8291255,11730320,0.45,45,436.7,84.0,0,0.0,100,100.0
optimistic,timeout,200,1877218,4730804,41964654,51069195,0.39,77,500.0,80.5,0,0.0,200,100.0
optimistic,success+idempotency,50,466531,1687026,2660523,2660523,0.28,7,294.1,80.0,25,50.0,25,100.0
optimistic,success+idempotency,100,380912,803669,3503755,3503755,0.28,14,555.6,84.0,50,50.0,50,100.0
optimistic,success+idempotency,200,455261,1263967,3458830,5777706,0.36,36,561.8,84.0,100,50.0,100,100.0
pessimistic,success,50,16944878,60305023,83492812,83492812,0.00,0,354.6,60.0,0,0.0,50,100.0
pessimistic,success,100,10916233,39813382,60532857,65336599,0.00,0,383.1,59.0,0,0.0,100,100.0
pessimistic,success,200,7550627,39077511,99763793,132216676,0.00,0,569.8,68.5,0,0.0,200,100.0
pessimistic,fail,50,5974706,31673270,60430788,60430788,0.00,0,574.7,70.0,0,0.0,50,100.0
pessimistic,fail,100,6030446,33837946,41882631,43732061,0.00,0,735.3,74.0,0,0.0,100,100.0
pessimistic,fail,200,5977892,33612465,47599162,56765800,0.00,0,719.4,61.0,0,0.0,200,100.0
pessimistic,timeout,50,8098807,44833856,49353997,49353997,0.00,0,406.5,50.0,0,0.0,50,100.0
pessimistic,timeout,100,6555245,33692115,62429488,65640465,0.00,0,571.4,53.0,0,0.0,100,100.0
pessimistic,timeout,200,3600941,17348610,31036100,36004307,0.00,0,1015.2,66.0,0,0.0,200,100.0
pessimistic,success+idempotency,50,3365679,12230964,18106202,18106202,0.00,0,925.9,60.0,25,50.0,25,100.0
pessimistic,success+idempotency,100,8964883,58054365,61402941,61402941,0.00,0,537.6,64.0,50,50.0,50,100.0
pessimistic,success+idempotency,200,3972731,20030071,28401806,52263773,0.00,0,877.2,41.0,100,50.0,100,100.0
stateBased,success,50,626017,3355599,4617704,4617704,0.00,0,1785.7,40.0,0,0.0,28,56.0
stateBased,success,100,1138512,8681002,13855736,21990089,0.00,0,1369.9,50.0,0,0.0,61,61.0
stateBased,success,200,607946,3330392,7635852,10391302,0.00,0,1503.8,46.0,0,0.0,127,63.5
stateBased,fail,50,368992,556829,6078556,6078556,0.00,0,1785.7,48.0,0,0.0,28,56.0
stateBased,fail,100,416700,1657061,3242318,5556444,0.00,0,1666.7,42.0,0,0.0,63,63.0
stateBased,fail,200,666446,1932575,9428116,23513867,0.00,0,1709.4,48.5,0,0.0,129,64.5
stateBased,timeout,50,310465,562309,3276551,3276551,0.00,0,47.8,72.0,0,0.0,39,78.0
stateBased,timeout,100,563359,2782620,5299635,7956911,0.00,0,95.5,81.0,0,0.0,83,83.0
stateBased,timeout,200,628751,2454899,9130802,11830937,0.00,0,632.9,73.0,0,0.0,176,88.0
stateBased,success+idempotency,50,279108,542091,542972,542972,0.00,0,328.9,52.0,25,50.0,18,72.0
stateBased,success+idempotency,100,332160,430373,4622311,4622311,0.00,0,1388.9,50.0,50,50.0,33,66.0
stateBased,success+idempotency,200,988798,4201919,16045441,19942107,0.00,0,1098.9,55.0,100,50.0,67,67.0
stateBased,dedup_unique,200,649190,3162589,9446973,13186436,0.00,0,1020.4,63.5,0,0.0,153,76.5
stateBased,dedup_mixed,200,759977,3812110,9768120,12056297,0.00,0,729.9,58.0,100,50.0,72,72.0
stateBased,dedup_high,200,918402,4398725,11945311,11945311,0.00,0,684.9,50.0,150,75.0,28,56.0
stateBased,dedup_burst,200,575934,575934,575934,575934,0.00,0,71.4,100.0,199,99.5,1,100.0
stateBased,cb_normal,100,478335,1294876,5876582,6415256,0.00,0,473.9,0.0,0,0.0,0,0.0
stateBased,cb_failure,100,668102,3546205,7482907,9169723,0.00,0,89.9,74.0,0,0.0,0,0.0
stateBased,cb_blocked,100,831440,4457925,9189180,11064729,0.00,0,1666.7,38.0,0,0.0,54,54.0
